{
    "title.riotClient": "Εφαρμογή Riot",
    "title.riotClientInstaller": "Πρόγραμμα εγκατάστασης Εφαρμογής Riot",
    "title.riotClientProductInstaller": "Πρόγραμμα εγκατάστασης %1",
    "progress.installing": "ΓΙΝΕΤΑΙ ΕΓΚΑΤΑΣΤΑΣΗ",
    "progress.uninstalling": "ΓΙΝΕΤΑΙ ΑΠΕΓΚΑΤΑΣΤΑΣΗ",
    "progress.preparing": "ΠΡΟΕΤΟΙΜΑΣΙΑ",
    "progress.repairing": "ΕΠΙΔΙΟΡΘΩΣΗ",
    "progress.updating": "ΓΙΝΕΤΑΙ ΕΝΗΜΕΡΩΣΗ",
    "progress.cleaning_up": "ΕΚΚΑΘΑΡΙΣΗ",
    "progress.copying_files": "Αντιγραφή αρχείων...",
    "progress.eta": "%02d:%02 ημ.",
    "progress.eta_long": "Πάνω από 1 ημέρα",
    "progress.hours_abbr": "ΩΡΕΣ",
    "progress.minutes_abbr": "ΛΕΠΤΑ",
    "progress.seconds_abbr": "ΔΕΥΤ",
    "install_intro.advanced_options": "ΣΥΝΘΕΤΕΣ ΕΠΙΛΟΓΕΣ",
    "install_intro.browse_install_folder": "Επιλογή θέσης εγκατάστασης",
    "install_intro.install": "Εγκατάσταση",
    "install_intro.install_path": "ΔΙΑΔΡΟΜΗ ΕΓΚΑΤΑΣΤΑΣΗΣ",
    "error.clickForLog": "Κάντε κλικ για να δείτε το αρχείο καταγραφής.",
    "error.exit": "Έξοδος",
    "error.ok": "OK",
    "error.restart": "Επανεκκίνηση",
    "finished.finish": "Τέλος",
    "finished.uninstall.title": "ΕΠΙΤΥΧΗΣ ΑΠΕΓΚΑΤΑΣΤΑΣΗ",
    "finished.uninstall.text": "Το παιχνίδι εγκαταστάθηκε με επιτυχία.",
    "selfUpdateError.contactSupportLinkText": "Επικοινωνήστε με τους μάγους μας στην Υποστήριξη Παικτών",
    "selfUpdateError.contactSupportLinkPublicUrl": "https://support.riotgames.com/hc/el/requests/new",
    "selfUpdateError.driveFull.header": "Ο ΔΙΣΚΟΣ ΦΑΙΝΕΤΑΙ ΠΛΗΡΗΣ",
    "selfUpdateError.driveFull.body": "Δεν υπάρχει αρκετός χώρος στον δίσκο για να ολοκληρωθεί η ενέργεια.",
    "selfUpdateError.repair.header": "ΑΠΑΙΤΕΙΤΑΙ ΕΠΙΔΙΟΡΘΩΣΗ",
    "selfUpdateError.repair.body": "Κάποια αρχεία σε αυτήν την εγκατάσταση δεν υπάρχουν ή είναι κατεστραμμένα και απαιτούν επιδιόρθωση. Κάποιες φορές η επανεκκίνηση μπορεί να διορθώσει το πρόβλημα. Αν εξακολουθείτε να αντιμετωπίζετε αυτό το πρόβλημα μετά την επανεκκίνηση, επικοινωνήστε με τη διεύθυνση <link> και θα το λύσουμε μαζί.",
    "selfUpdateError.noInternet.header": "ΔΕΝ ΒΡΕΘΗΚΕ ΣΥΝΔΕΣΗ ΣΤΟ ΔΙΑΔΙΚΤΥΟ",
    "selfUpdateError.noInternet.body": "Δεν μπορέσαμε να συνδεθούμε στο διαδίκτυο για να κάνουμε μια ενημέρωση που είναι απαραίτητη για να παίξετε το παιχνίδι. Παρακαλούμε ελέγξτε τις ρυθμίσεις της σύνδεσής σας στο διαδίκτυο και προσπαθήστε ξανά.",
    "selfUpdateError.couldNotUpdate.header": "ΔΕΝ ΗΤΑΝ ΔΥΝΑΤΗ Η ΕΝΗΜΕΡΩΣΗ",
    "selfUpdateError.couldNotUpdate.body": "Κάτι δεν πήγε καλά με την ενημέρωση, παρόλο που έγινε επιδιόρθωση. Πατήστε εδώ <link> για να κάνουν τα μαγικά τους οι τεχνικοί και να βρουν τη λύση.",
    "selfUpdateError.declinedUAC.header": "ΔΕΝ ΕΙΝΑΙ ΔΥΝΑΤΗ Η ΕΓΚΑΤΑΣΤΑΣΗ",
    "selfUpdateError.declinedUAC.body": "Για να επιτρέψετε σε αυτήν την εφαρμογή να κάνει αλλαγές στη συσκευή σας, επιλέξτε «Ναι» όταν σας ζητηθεί. Αν αυτό το πρόβλημα παραμένει, ελέγξτε τις ρυθμίσεις συστήματος ή <link>.",
    "selfUpdateError.updateServerDown.header": "ΕΝΗΜΕΡΩΣΗ ΒΛΑΒΗΣ ΣΕΡΒΕΡ",
    "selfUpdateError.updateServerDown.body": "Μμμμ, οι σέρβερ μας φαίνεται να είναι εκτός σύνδεσης αυτήν τη στιγμή και δεν μπορέσαμε να κατεβάσουμε μια απαραίτητη ενημέρωση για την εκκίνηση παιχνιδιών. Λυπούμαστε γι' αυτό και προσπαθούμε να το διορθώσουμε όσο το δυνατόν γρηγορότερα. Παρακαλούμε προσπαθήστε ξανά αργότερα.",
    "selfUpdateError.unableToAccess.header": "Η ΔΙΕΡΓΑΣΙΑ ΕΚΤΕΛΕΙΤΑΙ ΗΔΗ",
    "selfUpdateError.unableToAccess.body": "Η εγκατάσταση δεν ολοκληρώθηκε με επιτυχία, επειδή εκτελείται ήδη μια διεργασία Riot Client. Παρακαλούμε κλείστε όλες τις διεργασίες Riot Client και προσπαθήστε ξανά.",
    "selfUpdateError.genericFailure.header": "ΔΕΝ ΕΙΝΑΙ ΔΥΝΑΤΗ Η ΕΓΚΑΤΑΣΤΑΣΗ",
    "selfUpdateError.genericFailure.body": "Κάτι δεν πήγε καλά κατά τη διάρκεια της εγκατάστασης. Παρακαλούμε προσπαθήστε ξανά και, αν το σφάλμα εξακολουθεί να εμφανίζεται, κάντε επανεκκίνηση ή <link>.",
    "selfUpdateError.spaceAvailable": "ΔΙΑΘΕΣΙΜΟΣ ΧΩΡΟΣ: %1",
    "shortcut.name": "Εφαρμογή Riot",
    "waitForGamesToExit.title": "ΠΑΙΧΝΙΔΙΑ ΣΕ ΕΞΕΛΙΞΗ",
    "waitForGamesToExit.body": "Δεν μπορείτε να κάνετε έξοδο από την Εφαρμογή Riot ενώ τρέχει ένα παιχνίδι. Κλείστε τα παιχνίδια σας και προσπαθήστε ξανά.",
    "waitForGameToExit.title": "ΤΡΕΧΕΙ ΤΟ %1",
    "waitForGameToExit.body": "Δεν μπορείτε να κάνετε έξοδο από την Εφαρμογή Riot ενώ τρέχει ένα παιχνίδι. Κλείστε το %1 και προσπαθήστε ξανά.",
    "waitForGamesToExit.okay": "Εντάξει",
    "waitForGamesToExit.exitOnGameClose": "Να γίνει έξοδος όταν κλείσουν όλα τα παιχνίδια;",
    "lifecycle.invalidLaunchTitle": "Μη έγκυρη εκκίνηση",
    "lifecycle.invalidLaunch": "Δεν μπορεί να γίνει εκκίνηση του παιχνιδιού με αυτόν τον τρόπο. Ανοίξτε το παιχνίδι απευθείας.",
    "lifecycle.directLaunchDisabledTitle": "Δεν είναι δυνατή η απευθείας εκκίνηση του παιχνιδιού",
    "lifecycle.directLaunchDisabled": "Δεν μπορεί να γίνει απευθείας εκκίνηση του παιχνιδιού. Παρακαλούμε χρησιμοποιήστε το κατάλληλο πρόγραμμα εκκίνησης για να ξεκινήσει το παιχνίδι.",
    "systemTray.title": "Riot Games",
    "systemTray.allGames": "Όλα τα Παιχνίδια",
    "systemTray.installGame": "Εγκατάσταση %1",
    "systemTray.restartForUpdates": "Κάντε επανεκκίνηση για ενημερώσεις",
    "systemTray.show": "Εμφάνιση",
    "systemTray.showLogs": "Εμφάνιση αρχείων καταγραφής",
    "systemTray.settings": "Ρυθμίσεις",
    "systemTray.swagger": "Swagger",
    "systemTray.signOut": "Αποσύνδεση",
    "systemTray.signIn": "Σύνδεση",
    "systemTray.exit": "Έξοδος",
    "uninstallError.couldNotFindProduct.header": "ΑΔΥΝΑΜΙΑ ΕΥΡΕΣΗΣ ΠΡΟΪΟΝΤΟΣ",
    "uninstallError.couldNotFindProduct.body": "Δεν μπορέσαμε να απεγκαταστήσουμε το προϊόν, γιατί δεν ήταν δυνατόν να βρεθεί. Αν συνεχίσετε να αντιμετωπίζετε αυτό το πρόβλημα, παρακαλούμε επικοινωνήστε με <link> και ζητήστε τους να κάνουν τα μαγικά τους για να λυθεί το πρόβλημα.",
    "uninstallError.couldNotUninstall.header": "ΔΕΝ ΗΤΑΝ ΔΥΝΑΤΗ Η ΑΠΕΓΚΑΤΑΣΤΑΣΗ",
    "uninstallError.couldNotUninstall.body": "Παρουσιάστηκε ένα απρόσμενο σφάλμα και δεν μπορέσαμε να κάνουμε επιτυχώς την απεγκατάσταση. Παρακαλούμε επικοινωνήστε με τη διεύθυνση <link> και ζητήστε τους να κάνουν τα μαγικά τους για να λυθεί το πρόβλημα.",
    "uninstallError.productIsRunning.header": "ΤΟ ΠΡΟΪΟΝ ΒΡΙΣΚΕΤΑΙ ΣΕ ΛΕΙΤΟΥΡΓΙΑ",
    "uninstallError.productIsRunning.body": "Δεν μπορέσαμε να κάνουμε απεγκατάσταση, γιατί το προϊόν βρίσκεται σε λειτουργία. Παρακαλούμε κλείστε το και προσπαθήστε ξανά.",
    "uninstallError.RiotClientIsRunning.header": "Η ΕΦΑΡΜΟΓΗ RIOT ΒΡΙΣΚΕΤΑΙ ΣΕ ΛΕΙΤΟΥΡΓΙΑ",
    "uninstallError.RiotClientIsRunning.body": "Δεν μπορέσαμε να κάνουμε απεγκατάσταση, γιατί η Εφαρμογή Riot βρίσκεται σε λειτουργία. Κλείστε την Εφαρμογή Riot και προσπαθήστε ξανά.",
    "uninstall_intro.uninstall": "ΑΠΕΓΚΑΤΑΣΤΑΣΗ",
    "repairPermissions.error.header": "Η ΕΠΙΔΙΟΡΘΩΣΗ ΑΠΕΤΥΧΕ",
    "repairPermissions.error.body": "Δεν ήταν δυνατό να διορθώσουμε τα δικαιώματα φακέλων. Μπορεί να χρειαστεί να εκτελέσετε τη διόρθωση δικαιωμάτων με έναν λογαριασμό Διαχειριστή. Αν συνεχίσετε να αντιμετωπίζετε αυτό το πρόβλημα, παρακαλούμε επικοινωνήστε με την <link> και ζητήστε τους να κάνουν τα μαγικά τους για να λυθεί το πρόβλημα.",
    "backgroundRunningModal.title": "Η εφαρμογή Riot εκτελείται ακόμα",
    "backgroundRunningModal.description": "Η Εφαρμογή Riot θα συνεχίσει να τρέχει στο σύστημά σας, έτσι ώστε να μπορείτε να ξεκινάτε γρηγορότερα τα παιχνίδια σας. \n\nΜπορείτε να αλλάξετε αυτήν την επιλογή στις Ρυθμίσεις όποτε θέλετε.",
    "uninstallError.productStillRemain.header": "Αδυναμία απεγκατάστασης της Εφαρμογής Riot",
    "uninstallError.productStillRemain.body": "Πριν απεγκαταστήσετε την Εφαρμογή Riot, θα πρέπει πρώτα να απεγκαταστήσετε όλα τα Παιχνίδια Riot που είναι εγκατεστημένα στον υπολογιστή σας."
}
