{
    "title.riotClient": "Klient Riot",
    "title.riotClientInstaller": "Instalator klienta Riot",
    "title.riotClientProductInstaller": "Instalator %1",
    "progress.installing": "INSTALOWANIE",
    "progress.uninstalling": "ODINSTALOWYWANIE",
    "progress.preparing": "PRZYGOTOWYWANIE",
    "progress.repairing": "NAPRAWA W TOKU",
    "progress.updating": "AKTUALIZOWANIE",
    "progress.cleaning_up": "CZYSZCZENIE PLIKÓW",
    "progress.copying_files": "Kopiowanie plików...",
    "progress.eta": "%02d:%02d",
    "progress.eta_long": "Więcej niż 1 dzień",
    "progress.hours_abbr": "GODZ.",
    "progress.minutes_abbr": "MIN",
    "progress.seconds_abbr": "S",
    "install_intro.advanced_options": "OPCJE ZAAWANSOWANE",
    "install_intro.browse_install_folder": "Wybierz folder instalacji",
    "install_intro.install": "Instaluj",
    "install_intro.install_path": "ŚCIEŻKA INSTALACJI",
    "error.clickForLog": "Kliknij, aby zobaczyć log.",
    "error.exit": "Wyjdź",
    "error.ok": "OK",
    "error.restart": "Spróbuj ponownie",
    "finished.finish": "Gotowe",
    "finished.uninstall.title": "ODINSTALOWANIE POWIODŁO SIĘ",
    "finished.uninstall.text": "Gra została pomyślnie odinstalowana.",
    "selfUpdateError.contactSupportLinkText": "z naszymi czarodziejami z działu Wsparcia Gracza",
    "selfUpdateError.contactSupportLinkPublicUrl": "https://support.riotgames.com/hc/pl/requests/new",
    "selfUpdateError.driveFull.header": "DYSK WYDAJE SIĘ BYĆ PEŁNY",
    "selfUpdateError.driveFull.body": "Na dysku brakuje miejsca, by ukończyć tę czynność.",
    "selfUpdateError.repair.header": "WYMAGANA NAPRAWA",
    "selfUpdateError.repair.body": "W tej instalacji brakuje niektórych plików lub są one uszkodzone, więc musimy je naprawić. Zrestartowanie klienta czasami rozwiązuje ten problem. Jeżeli po zrestartowaniu klienta problem będzie występował nadal, skontaktuj się z: <link>. Wtedy będziemy mogli naprawić to wspólnie.",
    "selfUpdateError.noInternet.header": "BRAK POŁĄCZENIA INTERNETOWEGO",
    "selfUpdateError.noInternet.body": "Nie udało się połączyć z internetem w celu pobrania aktualizacji wymaganej do gry. Sprawdź ustawienia połączenia internetowego i spróbuj ponownie.",
    "selfUpdateError.couldNotUpdate.header": "NIE MOŻNA ZAKTUALIZOWAĆ",
    "selfUpdateError.couldNotUpdate.body": "Coś poszło nie tak z aktualizacją, nawet po przeprowadzeniu naprawy. Skontaktuj się <link>. Oni coś wyczarują, żeby rozwiązać ten problem.",
    "selfUpdateError.declinedUAC.header": "NIE MOŻNA ODINSTALOWAĆ",
    "selfUpdateError.declinedUAC.body": "Aby zezwolić tej aplikacji wprowadzać zmiany na twoim urządzeniu, kliknij „Tak”, kiedy cię o to poprosi. Jeśli problem będzie występował nadal, sprawdź ustawienia systemowe lub skontaktuj się <link>",
    "selfUpdateError.updateServerDown.header": "SERWER AKTUALIZACJI NIE DZIAŁA",
    "selfUpdateError.updateServerDown.body": "Hmm, nasze serwery aktualnie nie działają, w związku z czym nie mogliśmy pobrać wymaganej do uruchamiania gier aktualizacji. Przepraszamy, spróbujemy rozwiązać ten problem jak najszybciej. Spróbuj ponownie później.",
    "selfUpdateError.unableToAccess.header": "PROCES URUCHOMIONY",
    "selfUpdateError.unableToAccess.body": "Nie udało się przeprowadzić instalacji, ponieważ uruchomiony był proces klienta Riot. Zamknij wszystkie procesy klienta Riot i spróbuj ponownie.",
    "selfUpdateError.genericFailure.header": "NIE MOŻNA ZAINSTALOWAĆ",
    "selfUpdateError.genericFailure.body": "Coś poszło nie tak podczas instalacji. Spróbuj ponownie, a jeśli problem nie zniknie, zrestartuj komputer lub <link>.",
    "selfUpdateError.spaceAvailable": "DOSTĘPNE MIEJSCE: %1",
    "shortcut.name": "Klient Riot",
    "waitForGamesToExit.title": "URUCHOMIONO GRY",
    "waitForGamesToExit.body": "Nie można wyjść z klienta Riot, gdy gra jest uruchomiona. Zamknij gry i spróbuj ponownie.",
    "waitForGameToExit.title": "URUCHOMIONO %1",
    "waitForGameToExit.body": "Nie można wyjść z klienta Riot, gdy gra jest uruchomiona. Zamknij %1 i spróbuj ponownie.",
    "waitForGamesToExit.okay": "OK",
    "waitForGamesToExit.exitOnGameClose": "Wyjść, kiedy wszystkie gry będą zamknięte?",
    "lifecycle.invalidLaunchTitle": "Niepoprawne uruchomienie",
    "lifecycle.invalidLaunch": "Nie możemy uruchomić gry w ten sposób. Uruchom grę bezpośrednio.",
    "lifecycle.directLaunchDisabledTitle": "Nie udało się uruchomić gry bezpośrednio",
    "lifecycle.directLaunchDisabled": "Nie możemy uruchomić gry bezpośrednio. Włącz grę przy użyciu odpowiedniego programu.",
    "systemTray.title": "Riot Games",
    "systemTray.allGames": "Wszystkie gry",
    "systemTray.installGame": "Instaluj %1",
    "systemTray.restartForUpdates": "Uruchom ponownie, aby zaktualizować.",
    "systemTray.show": "Pokaż",
    "systemTray.showLogs": "Pokaż logi",
    "systemTray.settings": "Ustawienia",
    "systemTray.swagger": "Swagger",
    "systemTray.signOut": "Wyloguj się",
    "systemTray.signIn": "Zaloguj się",
    "systemTray.exit": "Wyjdź",
    "uninstallError.couldNotFindProduct.header": "NIE MOŻNA ZNALEŹĆ PRODUKTU",
    "uninstallError.couldNotFindProduct.body": "Nie mogliśmy odinstalować, ponieważ nie znaleziono produktu. Jeżeli problem będzie występować nadal, skontaktuj się z: <link>. Oni coś wyczarują, żeby go rozwiązać.",
    "uninstallError.couldNotUninstall.header": "NIE MOŻNA ODINSTALOWAĆ",
    "uninstallError.couldNotUninstall.body": "Stało się coś nieoczekiwanego, w związku z czym nie mogliśmy pomyślnie odinstalować. Skontaktuj się z: <link>. Oni coś wyczarują, żeby rozwiązać ten problem.",
    "uninstallError.productIsRunning.header": "PRODUKT WCIĄŻ DZIAŁA",
    "uninstallError.productIsRunning.body": "Nie mogliśmy odinstalować, ponieważ produkt wciąż działa. Zamknij go i spróbuj ponownie.",
    "uninstallError.RiotClientIsRunning.header": "KLIENT RIOT WCIĄŻ DZIAŁA",
    "uninstallError.RiotClientIsRunning.body": "Nie mogliśmy odinstalować, ponieważ klient Riot wciąż działa. Zamknij klienta Riot i spróbuj ponownie.",
    "uninstall_intro.uninstall": "ODINSTALUJ",
    "repairPermissions.error.header": "NAPRAWA NIEUDANA",
    "repairPermissions.error.body": "Nie udało nam się naprawić uprawnień dotyczących folderów. Spróbuj naprawić te uprawnienia przy użyciu konta administratora. Jeżeli problem będzie występować nadal, skontaktuj się z: <link>. Oni coś wyczarują, żeby go rozwiązać.",
    "backgroundRunningModal.title": "Klient Riot wciąż działa",
    "backgroundRunningModal.description": "Klient Riot będzie działać w pasku zadań, aby przyspieszyć uruchamianie gier. \n\nW każdej chwili możesz zmienić to w ustawieniach.",
    "uninstallError.productStillRemain.header": "Nie można odinstalować klienta Riot",
    "uninstallError.productStillRemain.body": "Przed odinstalowaniem klienta Riot najpierw musisz odinstalować wszystkie gry firmy Riot z tego urządzenia."
}
