{
    "title.riotClient": "Cliente Riot",
    "title.riotClientInstaller": "Instalador do Cliente Riot",
    "title.riotClientProductInstaller": "%1 Instalador",
    "progress.installing": "INSTALANDO",
    "progress.uninstalling": "DESINSTALANDO",
    "progress.preparing": "PREPARANDO",
    "progress.repairing": "REPARANDO",
    "progress.updating": "ATUALIZANDO",
    "progress.cleaning_up": "ARRUMANDO TUDO",
    "progress.copying_files": "Copiando arquivos...",
    "progress.eta": "%02d:%02d",
    "progress.eta_long": "Mais de 1 dia",
    "progress.hours_abbr": "H",
    "progress.minutes_abbr": "MIN",
    "progress.seconds_abbr": "S",
    "install_intro.advanced_options": "OPÇÕES AVANÇADAS",
    "install_intro.browse_install_folder": "Selecionar local de instalação",
    "install_intro.install": "Instalar",
    "install_intro.install_path": "CAMINHO DE INSTALAÇÃO",
    "error.clickForLog": "Clique para ver o registro.",
    "error.exit": "Sair",
    "error.ok": "OK",
    "error.restart": "Tentar novamente",
    "finished.finish": "Pronto",
    "finished.uninstall.title": "DESINSTALAÇÃO COM SUCESSO",
    "finished.uninstall.text": "O jogo foi desinstalado com sucesso.",
    "selfUpdateError.contactSupportLinkText": "entre em contato com nossos bruxões do Suporte ao Jogador",
    "selfUpdateError.contactSupportLinkPublicUrl": "https://support.riotgames.com/hc/pt-br/requests/new",
    "selfUpdateError.driveFull.header": "A UNIDADE DE DISCO PARECE CHEIA",
    "selfUpdateError.driveFull.body": "Não há espaço em disco o suficiente para completar esta ação.",
    "selfUpdateError.repair.header": "REPARO NECESSÁRIO",
    "selfUpdateError.repair.body": "Alguns arquivos nesta instalação estão corrompidos ou não existem, então, precisamos corrigi-los. Algumas vezes, reiniciar pode resolver o problema. Se o problema persistir após reiniciar, <link> e ajudaremos a corrigir isto.",
    "selfUpdateError.noInternet.header": "SEM CONEXÃO COM A INTERNET",
    "selfUpdateError.noInternet.body": "Não foi possível se conectar à internet para realizar a atualização necessária para iniciar partidas. Verifique a sua configuração de internet e tente novamente.",
    "selfUpdateError.couldNotUpdate.header": "NÃO FOI POSSÍVEL ATUALIZAR",
    "selfUpdateError.couldNotUpdate.body": "Deu algo de errado com a atualização, mesmo depois de reparar. Por favor, <link> para que eles possam fazer sua mágica e te ajudar com os reparos.",
    "selfUpdateError.declinedUAC.header": "NÃO FOI POSSÍVEL INSTALAR",
    "selfUpdateError.declinedUAC.body": "Para que este aplicativo faça alterações em seu dispositivo, clique em ''Sim'' quando solicitado. Caso o problema persista, verifique as configurações do sistema ou <link>.",
    "selfUpdateError.updateServerDown.header": "SERVIDOR DE ATUALIZAÇÃO INDISPONÍVEL",
    "selfUpdateError.updateServerDown.body": "Hmmm, nossos servidores parecem não estar respondendo no momento e não será possível realizar a atualização necessária para iniciar partidas. Lamentamos muito e estamos tentando resolver o problema o mais rápido possível. Tente novamente mais tarde.",
    "selfUpdateError.unableToAccess.header": "PROCESSO JÁ EM EXECUÇÃO",
    "selfUpdateError.unableToAccess.body": "Não é possível instalar com êxito enquanto um processo do Cliente da Riot já estiver em execução. Encerre todos os processos relacionados e tente novamente.",
    "selfUpdateError.genericFailure.header": "NÃO FOI POSSÍVEL INSTALAR",
    "selfUpdateError.genericFailure.body": "Ocorreu um erro durante a instalação. Tente novamente e, se o erro persistir, reinicie o computador ou <link>.",
    "selfUpdateError.spaceAvailable": "ESPAÇO DISPONÍVEL: %1",
    "shortcut.name": "Cliente Riot",
    "waitForGamesToExit.title": "JOGOS EM EXECUÇÃO",
    "waitForGamesToExit.body": "Você não pode sair do Cliente Riot enquanto um jogo estiver em execução. Encerre seus jogos e tente novamente.",
    "waitForGameToExit.title": "%1 ESTÁ EM EXECUÇÃO",
    "waitForGameToExit.body": "Você não pode sair do Cliente Riot enquanto um jogo estiver em execução. Encerre %1 e tente novamente.",
    "waitForGamesToExit.okay": "OK",
    "waitForGamesToExit.exitOnGameClose": "Sair quando todos os jogos forem encerrados?",
    "lifecycle.invalidLaunchTitle": "Inicialização inválida",
    "lifecycle.invalidLaunch": "Não foi possível iniciar o jogo dessa forma. Por favor, incie o jogo diretamente.",
    "lifecycle.directLaunchDisabledTitle": "Não foi possível iniciar o jogo diretamente.",
    "lifecycle.directLaunchDisabled": "Não foi possível iniciar o jogo diretamente. Inicie o jogo pelo cliente apropriado.",
    "systemTray.title": "Riot Games",
    "systemTray.allGames": "Todos os jogos",
    "systemTray.installGame": "Instalar %1",
    "systemTray.restartForUpdates": "Reinicie para implementar as atualizações",
    "systemTray.show": "Exibir",
    "systemTray.showLogs": "Exibir registros",
    "systemTray.settings": "Configurações",
    "systemTray.swagger": "Swagger",
    "systemTray.signOut": "Encerrar sessão",
    "systemTray.signIn": "Iniciar sessão",
    "systemTray.exit": "Sair",
    "uninstallError.couldNotFindProduct.header": "NÃO FOI POSSÍVEL ENCONTRAR O PRODUTO",
    "uninstallError.couldNotFindProduct.body": "Não foi possível desinstalar. O produto não foi encontrado. Se o problema persistir, <link>, que podem resolver tudo com magia arcana.",
    "uninstallError.couldNotUninstall.header": "NÃO FOI POSSÍVEL DESINSTALAR",
    "uninstallError.couldNotUninstall.body": "Algo inesperado ocorreu e não foi possível desinstalar com sucesso. Por favor, <link>, que podem fazer umas magias para corrigir isso.",
    "uninstallError.productIsRunning.header": "PRODUTO EM EXECUÇÃO",
    "uninstallError.productIsRunning.body": "Não foi possível desinstalar devido ao produto ainda estar em execução. Encerre o produto e tente novamente.",
    "uninstallError.RiotClientIsRunning.header": "CLIENTE RIOT EM EXECUÇÃO",
    "uninstallError.RiotClientIsRunning.body": "O Cliente Riot ainda está em execução e não foi possível desinstalá-lo. Encerre o Cliente Riot e tente novamente.",
    "uninstall_intro.uninstall": "DESINSTALAR",
    "repairPermissions.error.header": "FALHA NA REPARAÇÃO",
    "repairPermissions.error.body": "Não foi possível reparar as permissões de pasta. Você talvez tenha de executar a reparação de permissão como Administrador. Se o problema persistir, <link>, que podem resolver tudo com magia arcana.",
    "backgroundRunningModal.title": "Cliente Riot ainda está em execução.",
    "backgroundRunningModal.description": "O Cliente Riot continuará em execução na bandeja do sistema para os jogos serem iniciados mais rapidamente. \n\nVocê pode alterar isso nas Configurações quando quiser.",
    "uninstallError.productStillRemain.header": "Não foi possível desinstalar o Cliente Riot",
    "uninstallError.productStillRemain.body": "Antes de desinstalar o Cliente Riot, você precisa desinstalar quaisquer jogos da Riot que tenha na máquina."
}
