{
    "title.riotClient": "Riot Client",
    "title.riotClientInstaller": "Trình cài đặt Riot Client",
    "title.riotClientProductInstaller": "Trình cài đặt %1",
    "progress.installing": "ĐANG CÀI ĐẶT",
    "progress.uninstalling": "ĐANG GỠ",
    "progress.preparing": "ĐANG CHUẨN BỊ",
    "progress.repairing": "ĐANG SỬA",
    "progress.updating": "ĐANG CẬP NHẬT",
    "progress.cleaning_up": "ĐANG DỌN DẸP",
    "progress.copying_files": "Đang sao chép tập tin…",
    "progress.eta": "%02d:%02d",
    "progress.eta_long": "Hơn 1 ngày",
    "progress.hours_abbr": "GIỜ",
    "progress.minutes_abbr": "PHÚT",
    "progress.seconds_abbr": "GIÂY",
    "install_intro.advanced_options": "TÙY CHỈNH NÂNG CAO",
    "install_intro.browse_install_folder": "Chọn thư mục cài đặt",
    "install_intro.install": "Cài đặt",
    "install_intro.install_path": "ĐƯỜNG DẪN CÀI ĐẶT",
    "error.clickForLog": "Nhấp chuột để xem bản ghi.",
    "error.exit": "Thoát",
    "error.ok": "OK",
    "error.restart": "Thử lại",
    "finished.finish": "Hoàn tất",
    "finished.uninstall.title": "GỠ THÀNH CÔNG",
    "finished.uninstall.text": "Gỡ trò chơi thành công.",
    "selfUpdateError.contactSupportLinkText": "liên hệ chăm sóc khách hàng",
    "selfUpdateError.contactSupportLinkPublicUrl": "https://support.riotgames.com/hc/en-us/requests/new",
    "selfUpdateError.driveFull.header": "Ổ CỨNG ĐÃ ĐẦY",
    "selfUpdateError.driveFull.body": "Không đủ chố trống trong ổ cứng để hoàn thành hành động này.",
    "selfUpdateError.repair.header": "CẦN SỬA CHỮA",
    "selfUpdateError.repair.body": "Một số tập tin trong bản cài đặt bị hỏng hoặc thiếu và cần được sửa chữa. Khởi động lại đôi khi cũng giải quyết được vấn đề. Nếu tiếp tục gặp vấn đề này sau khi khởi động lại, vui lòng <link> để nhận trợ giúp.",
    "selfUpdateError.noInternet.header": "KHÔNG CÓ KẾT NỐI INTERNET",
    "selfUpdateError.noInternet.body": "Không thể kết nối internet để tải cập nhật cần thiết cho việc khởi động trò chơi. Vui lòng kiểm tra cài đặt internet và thử lại.",
    "selfUpdateError.couldNotUpdate.header": "KHÔNG THỂ CẬP NHẬT",
    "selfUpdateError.couldNotUpdate.body": "Có lỗi xảy ra trong quá trình cập nhật dù đã sửa chữa. Vui lòng <link> để nhận trợ giúp.",
    "selfUpdateError.declinedUAC.header": "KHÔNG THỂ CÀI ĐẶT",
    "selfUpdateError.declinedUAC.body": "Để cho phép ứng dụng này thay đổi thiết bị của bạn, hãy nhấn Có khi thông báo hiện lên. Nếu vấn đề này tiếp diễn, vui lòng kiểm tra thiết lập hệ thống của bạn hoặc <link>.",
    "selfUpdateError.updateServerDown.header": "MÁY CHỦ CẬP NHẬT NGOẠI TUYẾN",
    "selfUpdateError.updateServerDown.body": "Máy chủ ngoại tuyến, không thể kết nối để tải về cập nhật cần thiết cho việc khởi động trò chơi. Chúng tôi rất xin lỗi vì sự cố và đang cố gắng sửa lỗi nhanh nhất có thể. Vui lòng thử lại sau.",
    "selfUpdateError.unableToAccess.header": "CHƯƠNG TRÌNH ĐANG CHẠY",
    "selfUpdateError.unableToAccess.body": "Không thể cài đặt thành công khi có một Riot Client khác đang chạy. Vui lòng đóng tất cả Riot Client và thử lại.",
    "selfUpdateError.genericFailure.header": "KHÔNG THỂ CÀI ĐẶT",
    "selfUpdateError.genericFailure.body": "Có lỗi xảy ra trong quá trình cài đặt. Vui lòng thử lại, và nếu vẫn gặp lỗi này hãy khởi động lại máy tính của bạn hoặc <link>.",
    "selfUpdateError.spaceAvailable": "Ổ CỨNG CÒN TRỐNG: %1",
    "shortcut.name": "Client Riot",
    "waitForGamesToExit.title": "CÓ TRÒ CHƠI ĐANG CHẠY",
    "waitForGamesToExit.body": "Không thể thoát Riot Client khi có trò chơi đang chạy. Vui lòng đóng tất cả trò chơi và thử lại.",
    "waitForGameToExit.title": "%1 ĐANG CHẠY",
    "waitForGameToExit.body": "Không thể thoát Riot Client khi có trò chơi đang chạy. Vui lòng đóng %1 và thử lại.",
    "waitForGamesToExit.okay": "Ok",
    "waitForGamesToExit.exitOnGameClose": "Thoát sau khi đóng tất cả trò chơi?",
    "lifecycle.invalidLaunchTitle": "Không thể khởi động",
    "lifecycle.invalidLaunch": "Không thể mở trò chơi bằng cách này. Vui lòng trực tiếp khởi động trò chơi.",
    "lifecycle.directLaunchDisabledTitle": "Không thể trực tiếp khởi động trò chơi",
    "lifecycle.directLaunchDisabled": "Không thể trực tiếp khởi động trò chơi. Vui lòng mở trò chơi qua phần mềm khởi động.",
    "systemTray.title": "Riot Games",
    "systemTray.allGames": "Tất Cả Trò Chơi",
    "systemTray.installGame": "Cài đặt %1",
    "systemTray.restartForUpdates": "Khởi động lại để cập nhật",
    "systemTray.show": "Hiển thị",
    "systemTray.showLogs": "Xem bản ghi",
    "systemTray.settings": "Tùy chỉnh",
    "systemTray.swagger": "Swagger",
    "systemTray.signOut": "Đăng xuất",
    "systemTray.signIn": "Đăng nhập",
    "systemTray.exit": "Thoát",
    "uninstallError.couldNotFindProduct.header": "KHÔNG TÌM THẤY SẢN PHẨM",
    "uninstallError.couldNotFindProduct.body": "Không thể tiến hành gỡ vì không tìm thấy sản phẩm. Nếu tiếp tục gặp vấn đề này, vui lòng <link> để nhận trợ giúp.",
    "uninstallError.couldNotUninstall.header": "KHÔNG THỂ GỠ",
    "uninstallError.couldNotUninstall.body": "Gỡ thất bại vì có lỗi bất thường xảy ra. Vui lòng <link> để nhận trợ giúp.",
    "uninstallError.productIsRunning.header": "SẢN PHẨM ĐANG CHẠY",
    "uninstallError.productIsRunning.body": "Không thể tiến hành gỡ vì sản phẩm vẫn đang chạy. Vui lòng đóng sản phẩm và thử lại.",
    "uninstallError.RiotClientIsRunning.header": "RIOT CLIENT ĐANG CHẠY",
    "uninstallError.RiotClientIsRunning.body": "Không thể gỡ vì Riot Client vẫn đang chạy. Vui lòng đóng Riot Client và thử lại.",
    "uninstall_intro.uninstall": "GỠ",
    "repairPermissions.error.header": "SỬA THẤT BẠI",
    "repairPermissions.error.body": "Không thể thay đổi quyền truy cập thư mục. Bạn có thể cần chạy với --repair-permissions bằng tài khoản Quản trị viên. Nếu tiếp tục gặp vấn đề này, vui lòng <link> để nhận trợ giúp.",
    "backgroundRunningModal.title": "Riot Client Vẫn Đang Chạy",
    "backgroundRunningModal.description": "Riot Client sẽ tiếp tục chạy trên thanh hệ thống nhằm giúp bạn khởi động trò chơi nhanh hơn. \n\nBạn có thể thay đổi tùy chọn này trong cài đặt bất cứ lúc nào.",
    "uninstallError.productStillRemain.header": "Không thể gỡ cài đặt Riot Client",
    "uninstallError.productStillRemain.body": "Trước khi gỡ cài đặt Riot Client, bạn sẽ phải gỡ bỏ tất cả các trò chơi của Riot đang được cài đặt trên máy của bạn trước."
}
